utc,pid,serve_dir,served,vmrss_kb,vmhwm_kb,rssanon_kb,mappings,gpu0_used_mib,gpu1_used_mib
14:40:53Z,173921,/root/demo/s37/serve_LONG/serve,0,98724824,98726360,98516220,1191,39377,39359
14:47:53Z,174599,/root/demo/s37/serve_LONG/serve,0,85721756,86469816,85511088,1207,12753,12735
14:48:53Z,174599,/root/demo/s37/serve_LONG/serve,0,158769148,158770200,158316304,1298,48875,48857
14:49:53Z,174599,/root/demo/s37/serve_LONG/serve,0,166069056,166069056,165602900,1267,61179,61161
14:50:53Z,174599,/root/demo/s37/serve_LONG/serve,0,171479012,171479012,171020024,1267,65275,64233
14:51:53Z,174599,/root/demo/s37/serve_LONG/serve,0,176633804,176636464,176167648,1267,68347,67305
14:52:54Z,174599,/root/demo/s37/serve_LONG/serve,1,179860672,179860672,179394516,1267,70395,69353
14:53:54Z,174599,/root/demo/s37/serve_LONG/serve,1,179860672,179860672,179394516,1267,72443,71401
14:54:54Z,174599,/root/demo/s37/serve_LONG/serve,1,179860672,179860672,179394516,1267,74491,73449
14:55:54Z,174599,/root/demo/s37/serve_LONG/serve,2,179861696,179861696,179395540,1267,76539,75497
14:56:54Z,174599,/root/demo/s37/serve_LONG/serve,2,179861696,179861696,179395540,1267,76539,75497
14:57:54Z,174599,/root/demo/s37/serve_LONG/serve,2,179861696,179861696,179395540,1267,76539,75497
14:58:54Z,174599,/root/demo/s37/serve_LONG/serve,2,179861696,179861696,179395540,1267,76539,75497
14:59:54Z,174599,/root/demo/s37/serve_LONG/serve,3,179861696,179861696,179395540,1267,76539,75497
15:00:54Z,174599,/root/demo/s37/serve_LONG/serve,3,179861696,179861696,179395540,1267,76539,75497
15:01:54Z,174599,/root/demo/s37/serve_LONG/serve,3,179861696,179861696,179395540,1267,76539,75497
15:02:54Z,174599,/root/demo/s37/serve_LONG/serve,4,179861696,179861696,179395540,1267,76539,75497
15:03:54Z,174599,/root/demo/s37/serve_LONG/serve,4,179861696,179861696,179395540,1267,76539,75497
15:04:54Z,174599,/root/demo/s37/serve_LONG/serve,4,179861696,179861696,179395540,1267,76539,75497
15:05:54Z,174599,/root/demo/s37/serve_LONG/serve,5,179861696,179861696,179395540,1267,76539,75497
15:06:54Z,174599,/root/demo/s37/serve_LONG/serve,5,179861696,179861696,179395540,1267,76539,75497
15:07:54Z,174599,/root/demo/s37/serve_LONG/serve,5,179861696,179861696,179395540,1267,76539,75497
15:08:54Z,174599,/root/demo/s37/serve_LONG/serve,6,179861696,179861696,179395540,1267,77115,76072
15:09:54Z,174599,/root/demo/s37/serve_LONG/serve,6,179861696,179861696,179395540,1267,76539,75497
15:10:54Z,174599,/root/demo/s37/serve_LONG/serve,6,179861696,179861696,179395540,1267,76539,75497
15:11:55Z,174599,/root/demo/s37/serve_LONG/serve,6,179861696,179861696,179395540,1267,76539,75497
15:12:55Z,174599,/root/demo/s37/serve_LONG/serve,7,179861696,179861696,179395540,1267,76539,75497
15:13:55Z,174599,/root/demo/s37/serve_LONG/serve,7,179861696,179861696,179395540,1267,76539,75497
15:14:55Z,174599,/root/demo/s37/serve_LONG/serve,7,179861696,179861696,179395540,1267,76539,75497
15:15:55Z,174599,/root/demo/s37/serve_LONG/serve,8,179861696,179861696,179395540,1267,76539,75497
15:16:55Z,174599,/root/demo/s37/serve_LONG/serve,8,179861696,179861696,179395540,1267,76539,75497
15:17:55Z,174599,/root/demo/s37/serve_LONG/serve,8,179861696,179861696,179395540,1267,76539,75497
15:18:55Z,204307,/root/demo/s37/serve_LONG/serve,0,7320056,7362552,7214976,442,1193,1174
15:19:55Z,204307,/root/demo/s37/serve_LONG/serve,0,112883584,112886144,112676520,1192,39377,39359
15:20:55Z,204307,/root/demo/s37/serve_LONG/serve,0,163295056,163295056,162826872,1252,59131,59113
15:21:55Z,204307,/root/demo/s37/serve_LONG/serve,0,168579228,168580828,168111044,1252,63227,62185
15:22:55Z,204307,/root/demo/s37/serve_LONG/serve,0,173773828,173775408,173305644,1252,66299,65257
15:23:55Z,204307,/root/demo/s37/serve_LONG/serve,0,178907124,178907636,178438940,1252,69371,68329
15:24:55Z,204307,/root/demo/s37/serve_LONG/serve,1,179870252,179870252,179402068,1252,71419,70377
15:25:55Z,204307,/root/demo/s37/serve_LONG/serve,1,179870252,179870252,179402068,1252,73467,72425
15:26:55Z,204307,/root/demo/s37/serve_LONG/serve,1,179870252,179870252,179402068,1252,75515,74473
15:27:55Z,204307,/root/demo/s37/serve_LONG/serve,2,179870764,179870764,179402580,1252,76539,75497
15:28:56Z,204307,/root/demo/s37/serve_LONG/serve,2,179870764,179870764,179402580,1252,76539,75497
15:29:56Z,204307,/root/demo/s37/serve_LONG/serve,2,179870764,179870764,179402580,1252,76539,75497
15:30:56Z,204307,/root/demo/s37/serve_LONG/serve,3,179870764,179870764,179402580,1252,76539,75497
15:31:56Z,204307,/root/demo/s37/serve_LONG/serve,3,179870764,179870764,179402580,1252,76539,75497
15:32:56Z,204307,/root/demo/s37/serve_LONG/serve,3,179870764,179870764,179402580,1252,76539,75497
15:33:56Z,204307,/root/demo/s37/serve_LONG/serve,3,179870764,179870764,179402580,1252,76539,75497
15:34:56Z,204307,/root/demo/s37/serve_LONG/serve,4,179870764,179870764,179402580,1252,76539,75497
15:35:56Z,204307,/root/demo/s37/serve_LONG/serve,4,179870764,179870764,179402580,1252,76539,75497
15:36:56Z,204307,/root/demo/s37/serve_LONG/serve,4,179870764,179870764,179402580,1252,76539,75497
15:37:56Z,204307,/root/demo/s37/serve_LONG/serve,5,179870764,179870764,179402580,1252,76539,75497
15:38:56Z,204307,/root/demo/s37/serve_LONG/serve,5,179870764,179870764,179402580,1252,76539,75497
15:39:56Z,204307,/root/demo/s37/serve_LONG/serve,5,179870764,179870764,179402580,1252,76539,75497
15:40:56Z,204307,/root/demo/s37/serve_LONG/serve,6,179870764,179870764,179402580,1252,76539,75497
15:41:56Z,204307,/root/demo/s37/serve_LONG/serve,6,179870764,179870764,179402580,1252,76539,75497
15:42:56Z,204307,/root/demo/s37/serve_LONG/serve,6,179870764,179870764,179402580,1252,76539,75497
15:43:56Z,204307,/root/demo/s37/serve_LONG/serve,7,179870764,179870764,179402580,1252,76539,75497
15:44:56Z,204307,/root/demo/s37/serve_LONG/serve,7,179870764,179870764,179402580,1252,76539,75497
15:45:56Z,204307,/root/demo/s37/serve_LONG/serve,7,179870764,179870764,179402580,1252,76539,75497
15:46:57Z,204307,/root/demo/s37/serve_LONG/serve,7,179870764,179870764,179402580,1252,76539,75497
15:47:57Z,204307,/root/demo/s37/serve_LONG/serve,8,179870764,179870764,179402580,1252,76539,75497
15:48:57Z,204307,/root/demo/s37/serve_LONG/serve,8,179870764,179870764,179402580,1252,76539,75497
15:49:57Z,204307,/root/demo/s37/serve_LONG/serve,8,179870764,179870764,179402580,1252,76539,75497
15:50:57Z,204307,/root/demo/s37/serve_LONG/serve,9,179870764,179870764,179402580,1252,76539,75497
15:51:57Z,204307,/root/demo/s37/serve_LONG/serve,9,179870764,179870764,179402580,1252,76539,75497
15:52:57Z,204307,/root/demo/s37/serve_LONG/serve,9,179870764,179870764,179402580,1252,76539,75497
15:53:57Z,204307,/root/demo/s37/serve_LONG/serve,10,179870764,179870764,179402580,1252,76539,75497
15:54:57Z,204307,/root/demo/s37/serve_LONG/serve,10,179870764,179870764,179402580,1252,76539,75497
15:55:57Z,204307,/root/demo/s37/serve_LONG/serve,10,179870764,179870764,179402580,1252,76539,75497
15:56:57Z,204307,/root/demo/s37/serve_LONG/serve,11,179870764,179870764,179402580,1252,76539,75497
15:57:57Z,204307,/root/demo/s37/serve_LONG/serve,11,179870764,179870764,179402580,1252,76539,75497
15:58:57Z,204307,/root/demo/s37/serve_LONG/serve,11,179870764,179870764,179402580,1252,76539,75497
15:59:57Z,204307,/root/demo/s37/serve_LONG/serve,12,179870764,179870764,179402580,1252,76539,75497
16:00:57Z,204307,/root/demo/s37/serve_LONG/serve,12,179870764,179870764,179402580,1252,76539,75497
16:01:57Z,204307,/root/demo/s37/serve_LONG/serve,12,179870764,179870764,179402580,1252,76539,75497
16:02:57Z,204307,/root/demo/s37/serve_LONG/serve,12,179870764,179870764,179402580,1252,76539,75497
16:03:57Z,204307,/root/demo/s37/serve_LONG/serve,13,179870764,179870764,179402580,1252,76539,75497
16:04:57Z,204307,/root/demo/s37/serve_LONG/serve,13,179870764,179870764,179402580,1252,76539,75497
16:05:58Z,204307,/root/demo/s37/serve_LONG/serve,13,179870764,179870764,179402580,1252,76539,75497
16:06:58Z,204307,/root/demo/s37/serve_LONG/serve,14,179870764,179870764,179402580,1252,76539,75497
16:07:58Z,204307,/root/demo/s37/serve_LONG/serve,14,179870764,179870764,179402580,1252,76539,75497
16:08:58Z,204307,/root/demo/s37/serve_LONG/serve,14,179870764,179870764,179402580,1252,76539,75497
16:09:58Z,204307,/root/demo/s37/serve_LONG/serve,15,179870764,179870764,179402580,1252,76539,75497
16:10:58Z,204307,/root/demo/s37/serve_LONG/serve,15,179870764,179870764,179402580,1252,76539,75497
16:11:58Z,204307,/root/demo/s37/serve_LONG/serve,15,179870764,179870764,179402580,1252,76539,75497
16:12:58Z,204307,/root/demo/s37/serve_LONG/serve,16,179870764,179870764,179402580,1252,76539,75497
16:13:58Z,204307,/root/demo/s37/serve_LONG/serve,16,179870764,179870764,179402580,1252,76539,75497
16:14:58Z,204307,/root/demo/s37/serve_LONG/serve,16,179870764,179870764,179402580,1252,76539,75497
16:15:58Z,204307,/root/demo/s37/serve_LONG/serve,16,179870764,179870764,179402580,1252,76539,75497
16:16:58Z,204307,/root/demo/s37/serve_LONG/serve,17,179870764,179870764,179402580,1252,76539,75497
16:17:58Z,204307,/root/demo/s37/serve_LONG/serve,17,179870764,179870764,179402580,1252,76539,75497
16:18:58Z,204307,/root/demo/s37/serve_LONG/serve,17,179870764,179870764,179402580,1252,76539,75497
16:19:58Z,204307,/root/demo/s37/serve_LONG/serve,18,179870764,179870764,179402580,1252,76539,75497
16:20:58Z,204307,/root/demo/s37/serve_LONG/serve,18,179870764,179870764,179402580,1252,76539,75497
16:21:58Z,204307,/root/demo/s37/serve_LONG/serve,18,179870764,179870764,179402580,1252,76539,75497
16:22:58Z,204307,/root/demo/s37/serve_LONG/serve,19,179870764,179870764,179402580,1252,76539,75497
16:23:58Z,204307,/root/demo/s37/serve_LONG/serve,19,179870764,179870764,179402580,1252,76539,75497
16:24:59Z,204307,/root/demo/s37/serve_LONG/serve,19,179870764,179870764,179402580,1252,76539,75497
16:25:59Z,204307,/root/demo/s37/serve_LONG/serve,19,179870764,179870764,179402580,1252,76539,75497
16:26:59Z,204307,/root/demo/s37/serve_LONG/serve,20,179871788,179871788,179403604,1252,76539,75497
16:27:59Z,204307,/root/demo/s37/serve_LONG/serve,20,179871788,179871788,179403604,1252,76539,75497
16:28:59Z,204307,/root/demo/s37/serve_LONG/serve,20,179871788,179871788,179403604,1252,76539,75497
16:29:59Z,204307,/root/demo/s37/serve_LONG/serve,21,179871788,179871788,179403604,1252,76539,75497
16:30:59Z,204307,/root/demo/s37/serve_LONG/serve,21,179871788,179871788,179403604,1252,76539,75497
16:31:59Z,204307,/root/demo/s37/serve_LONG/serve,21,179871788,179871788,179403604,1252,76539,75497
16:32:59Z,204307,/root/demo/s37/serve_LONG/serve,22,179871788,179871788,179403604,1252,76539,75497
16:33:59Z,204307,/root/demo/s37/serve_LONG/serve,22,179871788,179871788,179403604,1252,76539,75497
16:34:59Z,204307,/root/demo/s37/serve_LONG/serve,22,179871788,179871788,179403604,1252,76539,75497
16:35:59Z,204307,/root/demo/s37/serve_LONG/serve,23,179871788,179871788,179403604,1252,76539,75497
16:36:59Z,204307,/root/demo/s37/serve_LONG/serve,23,179871788,179871788,179403604,1252,76539,75497
16:37:59Z,204307,/root/demo/s37/serve_LONG/serve,23,179871788,179871788,179403604,1252,76539,75497
16:38:59Z,204307,/root/demo/s37/serve_LONG/serve,23,179871788,179871788,179403604,1252,76539,75497
16:39:59Z,204307,/root/demo/s37/serve_LONG/serve,24,179871788,179871788,179403604,1252,76539,75497
16:40:59Z,204307,/root/demo/s37/serve_LONG/serve,24,179871788,179871788,179403604,1252,76539,75497
16:41:59Z,204307,/root/demo/s37/serve_LONG/serve,24,179871788,179871788,179403604,1252,76539,75497
16:43:00Z,204307,/root/demo/s37/serve_LONG/serve,25,179871788,179871788,179403604,1252,76539,75497
16:44:00Z,204307,/root/demo/s37/serve_LONG/serve,25,179871788,179871788,179403604,1252,76539,75497
16:45:00Z,204307,/root/demo/s37/serve_LONG/serve,25,179871788,179871788,179403604,1252,76539,75497
16:46:00Z,204307,/root/demo/s37/serve_LONG/serve,26,179871788,179871788,179403604,1252,76539,75497
16:47:00Z,204307,/root/demo/s37/serve_LONG/serve,26,179871788,179871788,179403604,1252,76539,75497
16:48:00Z,204307,/root/demo/s37/serve_LONG/serve,26,179871788,179871788,179403604,1252,76539,75497
16:49:00Z,204307,/root/demo/s37/serve_LONG/serve,27,179871788,179871788,179403604,1252,76539,75497
16:50:00Z,204307,/root/demo/s37/serve_LONG/serve,27,179871788,179871788,179403604,1252,76539,75497
16:51:00Z,204307,/root/demo/s37/serve_LONG/serve,27,179871788,179871788,179403604,1252,76539,75497
16:52:00Z,204307,/root/demo/s37/serve_LONG/serve,28,179871788,179871788,179403604,1252,76539,75497
16:53:00Z,204307,/root/demo/s37/serve_LONG/serve,28,179871788,179871788,179403604,1252,76539,75497
16:54:00Z,204307,/root/demo/s37/serve_LONG/serve,28,179871788,179871788,179403604,1252,76539,75497
16:55:00Z,204307,/root/demo/s37/serve_LONG/serve,28,179871788,179871788,179403604,1252,76539,75497
16:56:00Z,204307,/root/demo/s37/serve_LONG/serve,29,179871788,179871788,179403604,1252,76539,75497
16:57:00Z,204307,/root/demo/s37/serve_LONG/serve,29,179871788,179871788,179403604,1252,76539,75497
16:58:00Z,204307,/root/demo/s37/serve_LONG/serve,29,179871788,179871788,179403604,1252,76539,75497
16:59:00Z,204307,/root/demo/s37/serve_LONG/serve,30,179871788,179871788,179403604,1252,76539,75497
17:00:00Z,204307,/root/demo/s37/serve_LONG/serve,30,179871788,179871788,179403604,1252,76539,75497
17:01:01Z,204307,/root/demo/s37/serve_LONG/serve,30,179871788,179871788,179403604,1252,76539,75497
17:02:01Z,204307,/root/demo/s37/serve_LONG/serve,31,179871788,179871788,179403604,1252,76539,75497
17:03:01Z,204307,/root/demo/s37/serve_LONG/serve,31,179871788,179871788,179403604,1252,76539,75497
17:04:01Z,204307,/root/demo/s37/serve_LONG/serve,31,179871788,179871788,179403604,1252,76539,75497
17:05:01Z,204307,/root/demo/s37/serve_LONG/serve,31,179871788,179871788,179403604,1252,76539,75497
17:06:01Z,204307,/root/demo/s37/serve_LONG/serve,32,179871788,179871788,179403604,1252,76539,75497
17:07:01Z,204307,/root/demo/s37/serve_LONG/serve,32,179871788,179871788,179403604,1252,76539,75497
17:08:01Z,204307,/root/demo/s37/serve_LONG/serve,32,179871788,179871788,179403604,1252,76539,75497
17:09:01Z,204307,/root/demo/s37/serve_LONG/serve,33,179871788,179871788,179403604,1252,76539,75497
17:10:01Z,204307,/root/demo/s37/serve_LONG/serve,33,179871788,179871788,179403604,1252,76539,75497
17:11:01Z,204307,/root/demo/s37/serve_LONG/serve,33,179871788,179871788,179403604,1252,76539,75497
17:12:01Z,204307,/root/demo/s37/serve_LONG/serve,34,179871788,179871788,179403604,1252,76539,75497
17:13:01Z,204307,/root/demo/s37/serve_LONG/serve,34,179871788,179871788,179403604,1252,76539,75497
17:14:01Z,204307,/root/demo/s37/serve_LONG/serve,34,179871788,179871788,179403604,1252,76539,75497
17:15:01Z,204307,/root/demo/s37/serve_LONG/serve,35,179871788,179871788,179403604,1252,76539,75497
17:16:01Z,204307,/root/demo/s37/serve_LONG/serve,35,179871788,179871788,179403604,1252,76539,75497
17:17:01Z,204307,/root/demo/s37/serve_LONG/serve,35,179871788,179871788,179403604,1252,76539,75497
17:18:02Z,204307,/root/demo/s37/serve_LONG/serve,35,179871788,179871788,179403604,1252,76539,75497
17:19:02Z,204307,/root/demo/s37/serve_LONG/serve,36,179871788,179871788,179403604,1252,76539,75497
17:20:02Z,204307,/root/demo/s37/serve_LONG/serve,36,179871788,179871788,179403604,1252,76539,75497
17:21:02Z,204307,/root/demo/s37/serve_LONG/serve,36,179871788,179871788,179403604,1252,76539,75497
17:22:02Z,204307,/root/demo/s37/serve_LONG/serve,37,179871788,179871788,179403604,1252,76539,75497
17:23:02Z,204307,/root/demo/s37/serve_LONG/serve,37,179871788,179871788,179403604,1252,76539,75497
17:24:02Z,204307,/root/demo/s37/serve_LONG/serve,37,179871788,179871788,179403604,1252,76539,75497
17:25:02Z,204307,/root/demo/s37/serve_LONG/serve,38,179871788,179871788,179403604,1252,76539,75497
17:26:02Z,204307,/root/demo/s37/serve_LONG/serve,38,179871788,179871788,179403604,1252,76539,75497
17:27:02Z,204307,/root/demo/s37/serve_LONG/serve,38,179871788,179871788,179403604,1252,76539,75497
17:28:02Z,204307,/root/demo/s37/serve_LONG/serve,39,179871788,179871788,179403604,1252,76539,75497
17:29:02Z,204307,/root/demo/s37/serve_LONG/serve,39,179871788,179871788,179403604,1252,76539,75497
17:30:02Z,204307,/root/demo/s37/serve_LONG/serve,39,179871788,179871788,179403604,1252,76539,75497
17:31:02Z,204307,/root/demo/s37/serve_LONG/serve,39,179871788,179871788,179403604,1252,76539,75497
17:32:02Z,204307,/root/demo/s37/serve_LONG/serve,40,179871788,179871788,179403604,1252,76539,75497
17:33:02Z,204307,/root/demo/s37/serve_LONG/serve,40,179871788,179871788,179403604,1252,76539,75497
17:34:02Z,204307,/root/demo/s37/serve_LONG/serve,40,179871788,179871788,179403604,1252,76539,75497
17:35:02Z,204307,/root/demo/s37/serve_LONG/serve,41,179871788,179871788,179403604,1252,76539,75497
17:36:03Z,204307,/root/demo/s37/serve_LONG/serve,41,179871788,179871788,179403604,1252,76539,75497
17:37:03Z,204307,/root/demo/s37/serve_LONG/serve,41,179871788,179871788,179403604,1252,76539,75497
17:38:03Z,204307,/root/demo/s37/serve_LONG/serve,42,179871788,179871788,179403604,1252,76539,75497
17:39:03Z,204307,/root/demo/s37/serve_LONG/serve,42,179871788,179871788,179403604,1252,76539,75497
17:40:03Z,204307,/root/demo/s37/serve_LONG/serve,42,179871788,179871788,179403604,1252,76539,75497
17:41:03Z,204307,/root/demo/s37/serve_LONG/serve,43,179871788,179871788,179403604,1252,76539,75497
17:42:03Z,204307,/root/demo/s37/serve_LONG/serve,43,179871788,179871788,179403604,1252,76539,75497
17:43:03Z,204307,/root/demo/s37/serve_LONG/serve,43,179871788,179871788,179403604,1252,76539,75497
17:44:03Z,204307,/root/demo/s37/serve_LONG/serve,43,179871788,179871788,179403604,1252,76539,75497
17:45:03Z,204307,/root/demo/s37/serve_LONG/serve,44,179871788,179871788,179403604,1252,76539,75497
17:46:03Z,204307,/root/demo/s37/serve_LONG/serve,44,179871788,179871788,179403604,1252,76539,75497
17:47:03Z,204307,/root/demo/s37/serve_LONG/serve,44,179871788,179871788,179403604,1252,76539,75497
17:48:03Z,204307,/root/demo/s37/serve_LONG/serve,45,179871788,179871788,179403604,1252,76539,75497
17:49:03Z,204307,/root/demo/s37/serve_LONG/serve,45,179871788,179871788,179403604,1252,76539,75497
17:50:03Z,204307,/root/demo/s37/serve_LONG/serve,45,179871788,179871788,179403604,1252,76539,75497
17:51:03Z,204307,/root/demo/s37/serve_LONG/serve,46,179871788,179871788,179403604,1252,76539,75497
17:52:03Z,204307,/root/demo/s37/serve_LONG/serve,46,179871788,179871788,179403604,1252,76539,75497
17:53:03Z,204307,/root/demo/s37/serve_LONG/serve,46,179871788,179871788,179403604,1252,76539,75497
17:54:04Z,204307,/root/demo/s37/serve_LONG/serve,47,179871788,179871788,179403604,1252,76539,75497
17:55:04Z,204307,/root/demo/s37/serve_LONG/serve,47,179871788,179871788,179403604,1252,76539,75497
17:56:04Z,204307,/root/demo/s37/serve_LONG/serve,47,179871788,179871788,179403604,1252,76539,75497
17:57:04Z,204307,/root/demo/s37/serve_LONG/serve,48,179871788,179871788,179403604,1252,76539,75497
17:58:04Z,204307,/root/demo/s37/serve_LONG/serve,48,179871788,179871788,179403604,1252,76539,75497
17:59:04Z,204307,/root/demo/s37/serve_LONG/serve,48,179871788,179871788,179403604,1252,76539,75497
18:00:04Z,204307,/root/demo/s37/serve_LONG/serve,48,179871788,179871788,179403604,1252,76539,75497
18:01:04Z,204307,/root/demo/s37/serve_LONG/serve,49,179871788,179871788,179403604,1252,76539,75497
18:02:04Z,204307,/root/demo/s37/serve_LONG/serve,49,179871788,179871788,179403604,1252,76539,75497
18:03:04Z,204307,/root/demo/s37/serve_LONG/serve,49,179871788,179871788,179403604,1252,76539,75497
18:04:04Z,204307,/root/demo/s37/serve_LONG/serve,50,179871788,179871788,179403604,1252,76539,75497
18:05:04Z,204307,/root/demo/s37/serve_LONG/serve,50,179871788,179871788,179403604,1252,76539,75497
18:06:04Z,204307,/root/demo/s37/serve_LONG/serve,50,179871788,179871788,179403604,1252,76539,75497
18:07:04Z,204307,/root/demo/s37/serve_LONG/serve,51,179871788,179871788,179403604,1252,76539,75497
18:08:04Z,204307,/root/demo/s37/serve_LONG/serve,51,179871788,179871788,179403604,1252,76539,75497
18:09:04Z,204307,/root/demo/s37/serve_LONG/serve,51,179871788,179871788,179403604,1252,76539,75497
18:10:04Z,204307,/root/demo/s37/serve_LONG/serve,51,179871788,179871788,179403604,1252,76539,75497
18:11:05Z,204307,/root/demo/s37/serve_LONG/serve,52,179871788,179871788,179403604,1252,76539,75497
18:12:05Z,204307,/root/demo/s37/serve_LONG/serve,52,179871788,179871788,179403604,1252,76539,75497
18:13:05Z,204307,/root/demo/s37/serve_LONG/serve,52,179871788,179871788,179403604,1252,76539,75497
18:14:05Z,204307,/root/demo/s37/serve_LONG/serve,53,179871788,179871788,179403604,1252,76539,75497
18:15:05Z,204307,/root/demo/s37/serve_LONG/serve,53,179871788,179871788,179403604,1252,76539,75497
18:16:05Z,204307,/root/demo/s37/serve_LONG/serve,53,179871788,179871788,179403604,1252,76539,75497
18:17:05Z,204307,/root/demo/s37/serve_LONG/serve,54,179871788,179871788,179403604,1252,76539,75497
18:18:05Z,204307,/root/demo/s37/serve_LONG/serve,54,179871788,179871788,179403604,1252,76539,75497
18:19:05Z,204307,/root/demo/s37/serve_LONG/serve,54,179871788,179871788,179403604,1252,76539,75497
18:20:05Z,204307,/root/demo/s37/serve_LONG/serve,55,179871788,179871788,179403604,1252,76539,75497
18:21:05Z,204307,/root/demo/s37/serve_LONG/serve,55,179871788,179871788,179403604,1252,76539,75497
18:22:05Z,204307,/root/demo/s37/serve_LONG/serve,55,179871788,179871788,179403604,1252,76539,75497
18:23:05Z,204307,/root/demo/s37/serve_LONG/serve,55,179871788,179871788,179403604,1252,76539,75497
18:24:05Z,204307,/root/demo/s37/serve_LONG/serve,56,179871788,179871788,179403604,1252,76539,75497
18:25:05Z,204307,/root/demo/s37/serve_LONG/serve,56,179871788,179871788,179403604,1252,76539,75497
18:26:05Z,204307,/root/demo/s37/serve_LONG/serve,56,179871788,179871788,179403604,1252,76539,75497
18:27:05Z,204307,/root/demo/s37/serve_LONG/serve,57,179871788,179871788,179403604,1252,76539,75497
18:28:05Z,204307,/root/demo/s37/serve_LONG/serve,57,179871788,179871788,179403604,1252,76539,75497
18:29:06Z,204307,/root/demo/s37/serve_LONG/serve,57,179871788,179871788,179403604,1252,76539,75497
18:30:06Z,204307,/root/demo/s37/serve_LONG/serve,58,179871788,179871788,179403604,1252,76539,75497
18:31:06Z,204307,/root/demo/s37/serve_LONG/serve,58,179871788,179871788,179403604,1252,76539,75497
18:32:06Z,204307,/root/demo/s37/serve_LONG/serve,58,179871788,179871788,179403604,1252,76539,75497
18:33:06Z,204307,/root/demo/s37/serve_LONG/serve,59,179871788,179871788,179403604,1252,76539,75497
18:34:06Z,204307,/root/demo/s37/serve_LONG/serve,59,179871788,179871788,179403604,1252,76539,75497
18:35:06Z,204307,/root/demo/s37/serve_LONG/serve,59,179871788,179871788,179403604,1252,76539,75497
18:36:06Z,204307,/root/demo/s37/serve_LONG/serve,59,179871788,179871788,179403604,1252,76539,75497
18:37:06Z,204307,/root/demo/s37/serve_LONG/serve,60,179871788,179871788,179403604,1252,76539,75497
18:38:06Z,204307,/root/demo/s37/serve_LONG/serve,60,179871788,179871788,179403604,1252,76539,75497
18:39:06Z,204307,/root/demo/s37/serve_LONG/serve,60,179871788,179871788,179403604,1252,76539,75497
18:40:06Z,204307,/root/demo/s37/serve_LONG/serve,61,179871788,179871788,179403604,1252,76539,75497
18:41:06Z,204307,/root/demo/s37/serve_LONG/serve,61,179871788,179871788,179403604,1252,76539,75497
18:42:06Z,204307,/root/demo/s37/serve_LONG/serve,61,179871788,179871788,179403604,1252,76539,75497
18:43:06Z,204307,/root/demo/s37/serve_LONG/serve,62,179871788,179871788,179403604,1252,76539,75497
18:44:06Z,204307,/root/demo/s37/serve_LONG/serve,62,179871788,179871788,179403604,1252,76539,75497
18:45:06Z,204307,/root/demo/s37/serve_LONG/serve,62,179871788,179871788,179403604,1252,76539,75497
18:46:06Z,204307,/root/demo/s37/serve_LONG/serve,63,179871788,179871788,179403604,1252,76539,75497
18:47:07Z,204307,/root/demo/s37/serve_LONG/serve,63,179871788,179871788,179403604,1252,76539,75497
18:48:07Z,204307,/root/demo/s37/serve_LONG/serve,63,179871788,179871788,179403604,1252,76539,75497
18:49:07Z,204307,/root/demo/s37/serve_LONG/serve,64,179871788,179871788,179403604,1252,76539,75497
18:50:07Z,204307,/root/demo/s37/serve_LONG/serve,64,179871788,179871788,179403604,1252,76539,75497
18:51:07Z,204307,/root/demo/s37/serve_LONG/serve,64,179871788,179871788,179403604,1252,76539,75497
18:52:07Z,204307,/root/demo/s37/serve_LONG/serve,64,179871788,179871788,179403604,1252,76539,75497
18:53:07Z,204307,/root/demo/s37/serve_LONG/serve,65,179871788,179871788,179403604,1252,76539,75497
18:54:07Z,204307,/root/demo/s37/serve_LONG/serve,65,179871788,179871788,179403604,1252,76539,75497
18:55:07Z,204307,/root/demo/s37/serve_LONG/serve,65,179871788,179871788,179403604,1252,76539,75497
18:56:07Z,204307,/root/demo/s37/serve_LONG/serve,66,179871788,179871788,179403604,1252,76539,75497
18:57:07Z,204307,/root/demo/s37/serve_LONG/serve,66,179871788,179871788,179403604,1252,76539,75497
18:58:07Z,204307,/root/demo/s37/serve_LONG/serve,66,179871788,179871788,179403604,1252,76539,75497
18:59:07Z,204307,/root/demo/s37/serve_LONG/serve,67,179871788,179871788,179403604,1252,76539,75497
19:00:07Z,204307,/root/demo/s37/serve_LONG/serve,67,179871788,179871788,179403604,1252,76539,75497
19:01:07Z,204307,/root/demo/s37/serve_LONG/serve,67,179871788,179871788,179403604,1252,76539,75497
19:02:07Z,204307,/root/demo/s37/serve_LONG/serve,68,179871788,179871788,179403604,1252,76539,75497
19:03:07Z,204307,/root/demo/s37/serve_LONG/serve,68,179871788,179871788,179403604,1252,76539,75497
19:04:08Z,204307,/root/demo/s37/serve_LONG/serve,68,179871788,179871788,179403604,1252,76539,75497
19:05:08Z,204307,/root/demo/s37/serve_LONG/serve,68,179871788,179871788,179403604,1252,76539,75497
19:06:08Z,204307,/root/demo/s37/serve_LONG/serve,69,179871788,179871788,179403604,1252,76539,75497
19:07:08Z,204307,/root/demo/s37/serve_LONG/serve,69,179871788,179871788,179403604,1252,76539,75497
19:08:08Z,204307,/root/demo/s37/serve_LONG/serve,69,179871788,179871788,179403604,1252,76539,75497
19:09:08Z,204307,/root/demo/s37/serve_LONG/serve,70,179871788,179871788,179403604,1252,76539,75497
19:10:08Z,204307,/root/demo/s37/serve_LONG/serve,70,179871788,179871788,179403604,1252,76539,75497
19:11:08Z,204307,/root/demo/s37/serve_LONG/serve,70,179871788,179871788,179403604,1252,76539,75497
19:12:08Z,204307,/root/demo/s37/serve_LONG/serve,71,179871788,179871788,179403604,1252,76539,75497
19:13:08Z,204307,/root/demo/s37/serve_LONG/serve,71,179871788,179871788,179403604,1252,76539,75497
19:14:08Z,204307,/root/demo/s37/serve_LONG/serve,71,179871788,179871788,179403604,1252,76539,75497
19:15:08Z,204307,/root/demo/s37/serve_LONG/serve,72,179871788,179871788,179403604,1252,76539,75497
19:16:08Z,204307,/root/demo/s37/serve_LONG/serve,72,179871788,179871788,179403604,1252,76539,75497
19:17:08Z,204307,/root/demo/s37/serve_LONG/serve,72,179871788,179871788,179403604,1252,76539,75497
19:18:08Z,204307,/root/demo/s37/serve_LONG/serve,72,179871788,179871788,179403604,1252,76539,75497
19:19:08Z,204307,/root/demo/s37/serve_LONG/serve,73,179871788,179871788,179403604,1252,76539,75497
19:20:08Z,204307,/root/demo/s37/serve_LONG/serve,73,179871788,179871788,179403604,1252,76539,75497
19:21:08Z,204307,/root/demo/s37/serve_LONG/serve,73,179871788,179871788,179403604,1252,76539,75497
19:22:09Z,204307,/root/demo/s37/serve_LONG/serve,74,179871788,179871788,179403604,1252,76539,75497
19:23:09Z,204307,/root/demo/s37/serve_LONG/serve,74,179871788,179871788,179403604,1252,76539,75497
19:24:09Z,204307,/root/demo/s37/serve_LONG/serve,74,179871788,179871788,179403604,1252,76539,75497
19:25:09Z,204307,/root/demo/s37/serve_LONG/serve,75,179871788,179871788,179403604,1252,76539,75497
19:26:09Z,204307,/root/demo/s37/serve_LONG/serve,75,179871788,179871788,179403604,1252,76539,75497
19:27:09Z,204307,/root/demo/s37/serve_LONG/serve,75,179871788,179871788,179403604,1252,76539,75497
19:28:09Z,204307,/root/demo/s37/serve_LONG/serve,76,179871788,179871788,179403604,1252,76539,75497
19:29:09Z,204307,/root/demo/s37/serve_LONG/serve,76,179871788,179871788,179403604,1252,76539,75497
19:30:09Z,204307,/root/demo/s37/serve_LONG/serve,76,179871788,179871788,179403604,1252,76539,75497
19:31:09Z,204307,/root/demo/s37/serve_LONG/serve,76,179871788,179871788,179403604,1252,76539,75497
19:32:09Z,204307,/root/demo/s37/serve_LONG/serve,77,179871788,179871788,179403604,1252,76539,75497
19:33:09Z,204307,/root/demo/s37/serve_LONG/serve,77,179871788,179871788,179403604,1252,76539,75497
19:34:09Z,204307,/root/demo/s37/serve_LONG/serve,77,179871788,179871788,179403604,1252,76539,75497
19:35:09Z,204307,/root/demo/s37/serve_LONG/serve,78,179871788,179871788,179403604,1252,76539,75497
19:36:09Z,204307,/root/demo/s37/serve_LONG/serve,78,179871788,179871788,179403604,1252,76539,75497
19:37:09Z,204307,/root/demo/s37/serve_LONG/serve,78,179871788,179871788,179403604,1252,76539,75497
19:38:09Z,204307,/root/demo/s37/serve_LONG/serve,79,179871788,179871788,179403604,1252,76539,75497
19:39:09Z,204307,/root/demo/s37/serve_LONG/serve,79,179871788,179871788,179403604,1252,76539,75497
19:40:10Z,204307,/root/demo/s37/serve_LONG/serve,79,179871788,179871788,179403604,1252,76539,75497
19:41:10Z,204307,/root/demo/s37/serve_LONG/serve,80,179871788,179871788,179403604,1252,77115,76072
19:42:10Z,204307,/root/demo/s37/serve_LONG/serve,80,179871788,179871788,179403604,1252,76539,75497
19:43:10Z,204307,/root/demo/s37/serve_LONG/serve,80,179871788,179871788,179403604,1252,76539,75497
19:44:10Z,204307,/root/demo/s37/serve_LONG/serve,80,179871788,179871788,179403604,1252,76539,75497
19:45:10Z,204307,/root/demo/s37/serve_LONG/serve,81,179871788,179871788,179403604,1252,76539,75497
19:46:10Z,204307,/root/demo/s37/serve_LONG/serve,81,179871788,179871788,179403604,1252,76539,75497
19:47:10Z,204307,/root/demo/s37/serve_LONG/serve,81,179871788,179871788,179403604,1252,76539,75497
19:48:10Z,204307,/root/demo/s37/serve_LONG/serve,82,179871788,179871788,179403604,1252,76539,75497
19:49:10Z,204307,/root/demo/s37/serve_LONG/serve,82,179871788,179871788,179403604,1252,76539,75497
19:50:10Z,204307,/root/demo/s37/serve_LONG/serve,82,179871788,179871788,179403604,1252,76539,75497
19:51:10Z,204307,/root/demo/s37/serve_LONG/serve,83,179871788,179871788,179403604,1252,76539,75497
19:52:10Z,204307,/root/demo/s37/serve_LONG/serve,83,179871788,179871788,179403604,1252,76539,75497
19:53:10Z,204307,/root/demo/s37/serve_LONG/serve,83,179871788,179871788,179403604,1252,76539,75497
19:54:10Z,204307,/root/demo/s37/serve_LONG/serve,84,179871788,179871788,179403604,1252,77115,76072
19:55:10Z,204307,/root/demo/s37/serve_LONG/serve,84,179871788,179871788,179403604,1252,76539,75497
19:56:10Z,204307,/root/demo/s37/serve_LONG/serve,84,179871788,179871788,179403604,1252,76539,75497
19:57:11Z,204307,/root/demo/s37/serve_LONG/serve,84,179871788,179871788,179403604,1252,76539,75497
19:58:11Z,204307,/root/demo/s37/serve_LONG/serve,85,179871788,179871788,179403604,1252,76539,75497
19:59:11Z,204307,/root/demo/s37/serve_LONG/serve,85,179871788,179871788,179403604,1252,76539,75497
20:00:11Z,204307,/root/demo/s37/serve_LONG/serve,85,179871788,179871788,179403604,1252,76539,75497
20:01:11Z,204307,/root/demo/s37/serve_LONG/serve,86,179871788,179871788,179403604,1252,76539,75497
20:02:11Z,204307,/root/demo/s37/serve_LONG/serve,86,179871788,179871788,179403604,1252,76539,75497
20:03:11Z,204307,/root/demo/s37/serve_LONG/serve,86,179871788,179871788,179403604,1252,76539,75497
20:04:11Z,204307,/root/demo/s37/serve_LONG/serve,87,179871788,179871788,179403604,1252,76539,75497
20:05:11Z,204307,/root/demo/s37/serve_LONG/serve,87,179871788,179871788,179403604,1252,76539,75497
20:06:11Z,204307,/root/demo/s37/serve_LONG/serve,87,179871788,179871788,179403604,1252,76539,75497
20:07:11Z,204307,/root/demo/s37/serve_LONG/serve,88,179871788,179871788,179403604,1252,77115,76072
20:08:11Z,204307,/root/demo/s37/serve_LONG/serve,88,179871788,179871788,179403604,1252,76539,75497
20:09:11Z,204307,/root/demo/s37/serve_LONG/serve,88,179871788,179871788,179403604,1252,76539,75497
20:10:11Z,204307,/root/demo/s37/serve_LONG/serve,88,179871788,179871788,179403604,1252,76539,75497
20:11:11Z,204307,/root/demo/s37/serve_LONG/serve,89,179871788,179871788,179403604,1252,76539,75497
20:12:11Z,204307,/root/demo/s37/serve_LONG/serve,89,179871788,179871788,179403604,1252,76539,75497
20:13:11Z,204307,/root/demo/s37/serve_LONG/serve,89,179871788,179871788,179403604,1252,76539,75497
20:14:11Z,204307,/root/demo/s37/serve_LONG/serve,90,179871788,179871788,179403604,1252,76539,75497
20:15:12Z,204307,/root/demo/s37/serve_LONG/serve,90,179871788,179871788,179403604,1252,76539,75497
20:16:12Z,204307,/root/demo/s37/serve_LONG/serve,90,179871788,179871788,179403604,1252,76539,75497
20:17:12Z,204307,/root/demo/s37/serve_LONG/serve,91,179871788,179871788,179403604,1252,76539,75497
20:18:12Z,204307,/root/demo/s37/serve_LONG/serve,91,179871788,179871788,179403604,1252,76539,75497
20:19:12Z,204307,/root/demo/s37/serve_LONG/serve,91,179871788,179871788,179403604,1252,76539,75497
20:20:12Z,204307,/root/demo/s37/serve_LONG/serve,92,179871788,179871788,179403604,1252,77115,76072
20:21:12Z,204307,/root/demo/s37/serve_LONG/serve,92,179871788,179871788,179403604,1252,76539,75497
20:22:12Z,204307,/root/demo/s37/serve_LONG/serve,92,179871788,179871788,179403604,1252,76539,75497
20:23:12Z,204307,/root/demo/s37/serve_LONG/serve,92,179871788,179871788,179403604,1252,76539,75497
20:24:12Z,204307,/root/demo/s37/serve_LONG/serve,93,179871788,179871788,179403604,1252,76539,75497
20:25:12Z,204307,/root/demo/s37/serve_LONG/serve,93,179871788,179871788,179403604,1252,76539,75497
20:26:12Z,204307,/root/demo/s37/serve_LONG/serve,93,179871788,179871788,179403604,1252,76539,75497
20:27:12Z,204307,/root/demo/s37/serve_LONG/serve,94,179871788,179871788,179403604,1252,76539,75497
20:28:12Z,204307,/root/demo/s37/serve_LONG/serve,94,179871788,179871788,179403604,1252,76539,75497
20:29:12Z,204307,/root/demo/s37/serve_LONG/serve,94,179871788,179871788,179403604,1252,76539,75497
20:30:12Z,204307,/root/demo/s37/serve_LONG/serve,95,179871788,179871788,179403604,1252,76539,75497
20:31:12Z,204307,/root/demo/s37/serve_LONG/serve,95,179871788,179871788,179403604,1252,76539,75497
20:32:13Z,204307,/root/demo/s37/serve_LONG/serve,95,179871788,179871788,179403604,1252,76539,75497
20:33:13Z,204307,/root/demo/s37/serve_LONG/serve,96,179871788,179871788,179403604,1252,77115,76072
20:34:13Z,204307,/root/demo/s37/serve_LONG/serve,96,179871788,179871788,179403604,1252,76539,75497
20:35:13Z,204307,/root/demo/s37/serve_LONG/serve,96,179871788,179871788,179403604,1252,76539,75497
20:36:13Z,204307,/root/demo/s37/serve_LONG/serve,96,179871788,179871788,179403604,1252,76539,75497
20:37:13Z,204307,/root/demo/s37/serve_LONG/serve,97,179871788,179871788,179403604,1252,76539,75497
20:38:13Z,204307,/root/demo/s37/serve_LONG/serve,97,179871788,179871788,179403604,1252,76539,75497
20:39:13Z,204307,/root/demo/s37/serve_LONG/serve,97,179871788,179871788,179403604,1252,76539,75497
20:40:13Z,204307,/root/demo/s37/serve_LONG/serve,98,179871788,179871788,179403604,1252,76539,75497
20:41:13Z,204307,/root/demo/s37/serve_LONG/serve,98,179871788,179871788,179403604,1252,76539,75497
20:42:13Z,204307,/root/demo/s37/serve_LONG/serve,98,179871788,179871788,179403604,1252,76539,75497
20:43:13Z,204307,/root/demo/s37/serve_LONG/serve,99,179871788,179871788,179403604,1252,76539,75497
20:44:13Z,204307,/root/demo/s37/serve_LONG/serve,99,179871788,179871788,179403604,1252,76539,75497
20:45:13Z,204307,/root/demo/s37/serve_LONG/serve,99,179871788,179871788,179403604,1252,76539,75497
20:46:13Z,204307,/root/demo/s37/serve_LONG/serve,100,179871788,179871788,179403604,1252,77115,76072
20:47:13Z,204307,/root/demo/s37/serve_LONG/serve,100,179871788,179871788,179403604,1252,76539,75497
20:48:13Z,204307,/root/demo/s37/serve_LONG/serve,100,179871788,179871788,179403604,1252,76539,75497
20:49:14Z,204307,/root/demo/s37/serve_LONG/serve,100,179871788,179871788,179403604,1252,76539,75497
20:50:14Z,204307,/root/demo/s37/serve_LONG/serve,101,179871788,179871788,179403604,1252,76539,75497
20:51:14Z,204307,/root/demo/s37/serve_LONG/serve,101,179871788,179871788,179403604,1252,76539,75497
20:52:14Z,204307,/root/demo/s37/serve_LONG/serve,101,179871788,179871788,179403604,1252,76539,75497
20:53:14Z,204307,/root/demo/s37/serve_LONG/serve,102,179871788,179871788,179403604,1252,76539,75497
20:54:14Z,204307,/root/demo/s37/serve_LONG/serve,102,179871788,179871788,179403604,1252,76539,75497
20:55:14Z,204307,/root/demo/s37/serve_LONG/serve,102,179871788,179871788,179403604,1252,76539,75497
20:56:14Z,204307,/root/demo/s37/serve_LONG/serve,103,179871788,179871788,179403604,1252,76539,75497
20:57:14Z,204307,/root/demo/s37/serve_LONG/serve,103,179871788,179871788,179403604,1252,76539,75497
20:58:14Z,204307,/root/demo/s37/serve_LONG/serve,103,179871788,179871788,179403604,1252,76539,75497
20:59:14Z,204307,/root/demo/s37/serve_LONG/serve,104,179871788,179871788,179403604,1252,77115,76072
21:00:14Z,204307,/root/demo/s37/serve_LONG/serve,104,179871788,179871788,179403604,1252,76539,75497
21:01:14Z,204307,/root/demo/s37/serve_LONG/serve,104,179871788,179871788,179403604,1252,76539,75497
21:02:14Z,204307,/root/demo/s37/serve_LONG/serve,104,179871788,179871788,179403604,1252,76539,75497
21:03:14Z,204307,/root/demo/s37/serve_LONG/serve,105,179871788,179871788,179403604,1252,76539,75497
21:04:14Z,204307,/root/demo/s37/serve_LONG/serve,105,179871788,179871788,179403604,1252,76539,75497
21:05:14Z,204307,/root/demo/s37/serve_LONG/serve,105,179871788,179871788,179403604,1252,76539,75497
21:06:15Z,204307,/root/demo/s37/serve_LONG/serve,106,179871788,179871788,179403604,1252,76539,75497
21:07:15Z,204307,/root/demo/s37/serve_LONG/serve,106,179871788,179871788,179403604,1252,76539,75497
21:08:15Z,204307,/root/demo/s37/serve_LONG/serve,106,179871788,179871788,179403604,1252,76539,75497
21:09:15Z,204307,/root/demo/s37/serve_LONG/serve,107,179871788,179871788,179403604,1252,76539,75497
21:10:15Z,204307,/root/demo/s37/serve_LONG/serve,107,179871788,179871788,179403604,1252,76539,75497
21:11:15Z,204307,/root/demo/s37/serve_LONG/serve,107,179871788,179871788,179403604,1252,76539,75497
21:12:15Z,204307,/root/demo/s37/serve_LONG/serve,108,179871788,179871788,179403604,1252,77115,76072
21:13:15Z,204307,/root/demo/s37/serve_LONG/serve,108,179871788,179871788,179403604,1252,76539,75497
21:14:15Z,204307,/root/demo/s37/serve_LONG/serve,108,179871788,179871788,179403604,1252,76539,75497
21:15:15Z,204307,/root/demo/s37/serve_LONG/serve,108,179871788,179871788,179403604,1252,76539,75497
21:16:15Z,204307,/root/demo/s37/serve_LONG/serve,109,179871788,179871788,179403604,1252,76539,75497
21:17:15Z,204307,/root/demo/s37/serve_LONG/serve,109,179871788,179871788,179403604,1252,76539,75497
21:18:15Z,204307,/root/demo/s37/serve_LONG/serve,109,179871788,179871788,179403604,1252,76539,75497
21:19:15Z,204307,/root/demo/s37/serve_LONG/serve,110,179871788,179871788,179403604,1252,76539,75497
21:20:15Z,204307,/root/demo/s37/serve_LONG/serve,110,179871788,179871788,179403604,1252,76539,75497
21:21:15Z,204307,/root/demo/s37/serve_LONG/serve,110,179871788,179871788,179403604,1252,76539,75497
21:22:15Z,204307,/root/demo/s37/serve_LONG/serve,111,179871788,179871788,179403604,1252,76539,75497
21:23:16Z,204307,/root/demo/s37/serve_LONG/serve,111,179871788,179871788,179403604,1252,76539,75497
21:24:16Z,204307,/root/demo/s37/serve_LONG/serve,111,179871788,179871788,179403604,1252,76539,75497
21:25:16Z,204307,/root/demo/s37/serve_LONG/serve,112,179871788,179871788,179403604,1252,77115,76072
21:26:16Z,204307,/root/demo/s37/serve_LONG/serve,112,179871788,179871788,179403604,1252,76539,75497
21:27:16Z,204307,/root/demo/s37/serve_LONG/serve,112,179871788,179871788,179403604,1252,76539,75497
21:28:16Z,204307,/root/demo/s37/serve_LONG/serve,112,179871788,179871788,179403604,1252,76539,75497
21:29:16Z,204307,/root/demo/s37/serve_LONG/serve,113,179871788,179871788,179403604,1252,76539,75497
21:30:16Z,204307,/root/demo/s37/serve_LONG/serve,113,179871788,179871788,179403604,1252,76539,75497
21:31:16Z,204307,/root/demo/s37/serve_LONG/serve,113,179871788,179871788,179403604,1252,76539,75497
21:32:16Z,204307,/root/demo/s37/serve_LONG/serve,114,179871788,179871788,179403604,1252,76539,75497
21:33:16Z,204307,/root/demo/s37/serve_LONG/serve,114,179871788,179871788,179403604,1252,76539,75497
21:34:16Z,204307,/root/demo/s37/serve_LONG/serve,114,179871788,179871788,179403604,1252,76539,75497
21:35:16Z,204307,/root/demo/s37/serve_LONG/serve,115,179871788,179871788,179403604,1252,76539,75497
21:36:16Z,204307,/root/demo/s37/serve_LONG/serve,115,179871788,179871788,179403604,1252,76539,75497
21:37:16Z,204307,/root/demo/s37/serve_LONG/serve,115,179871788,179871788,179403604,1252,76539,75497
21:38:16Z,204307,/root/demo/s37/serve_LONG/serve,116,179871788,179871788,179403604,1252,77115,76072
21:39:16Z,204307,/root/demo/s37/serve_LONG/serve,116,179871788,179871788,179403604,1252,76539,75497
21:40:16Z,204307,/root/demo/s37/serve_LONG/serve,116,179871788,179871788,179403604,1252,76539,75497
21:41:17Z,204307,/root/demo/s37/serve_LONG/serve,116,179871788,179871788,179403604,1252,76539,75497
21:42:17Z,204307,/root/demo/s37/serve_LONG/serve,117,179871788,179871788,179403604,1252,76539,75497
21:43:17Z,204307,/root/demo/s37/serve_LONG/serve,117,179871788,179871788,179403604,1252,76539,75497
21:44:17Z,204307,/root/demo/s37/serve_LONG/serve,117,179871788,179871788,179403604,1252,76539,75497
21:45:17Z,204307,/root/demo/s37/serve_LONG/serve,118,179871788,179871788,179403604,1252,76539,75497
21:46:17Z,204307,/root/demo/s37/serve_LONG/serve,118,179871788,179871788,179403604,1252,76539,75497
21:47:17Z,204307,/root/demo/s37/serve_LONG/serve,118,179871788,179871788,179403604,1252,76539,75497
21:48:17Z,204307,/root/demo/s37/serve_LONG/serve,119,179871788,179871788,179403604,1252,76539,75497
21:49:17Z,204307,/root/demo/s37/serve_LONG/serve,119,179871788,179871788,179403604,1252,76539,75497
21:50:17Z,204307,/root/demo/s37/serve_LONG/serve,119,179871788,179871788,179403604,1252,76539,75497
21:51:17Z,204307,/root/demo/s37/serve_LONG/serve,120,179871788,179871788,179403604,1252,77115,76072
21:52:17Z,204307,/root/demo/s37/serve_LONG/serve,120,179871788,179871788,179403604,1252,76539,75497
21:53:17Z,204307,/root/demo/s37/serve_LONG/serve,120,179871788,179871788,179403604,1252,76539,75497
21:54:17Z,204307,/root/demo/s37/serve_LONG/serve,120,179871788,179871788,179403604,1252,76539,75497
21:55:17Z,204307,/root/demo/s37/serve_LONG/serve,121,179871788,179871788,179403604,1252,76539,75497
21:56:17Z,204307,/root/demo/s37/serve_LONG/serve,121,179871788,179871788,179403604,1252,76539,75497
21:57:17Z,204307,/root/demo/s37/serve_LONG/serve,121,179871788,179871788,179403604,1252,76539,75497
21:58:18Z,204307,/root/demo/s37/serve_LONG/serve,122,179871788,179871788,179403604,1252,76539,75497
21:59:18Z,204307,/root/demo/s37/serve_LONG/serve,122,179871788,179871788,179403604,1252,76539,75497
22:00:18Z,204307,/root/demo/s37/serve_LONG/serve,122,179871788,179871788,179403604,1252,76539,75497
22:01:18Z,204307,/root/demo/s37/serve_LONG/serve,123,179871788,179871788,179403604,1252,76539,75497
22:02:18Z,204307,/root/demo/s37/serve_LONG/serve,123,179871788,179871788,179403604,1252,76539,75497
22:03:18Z,204307,/root/demo/s37/serve_LONG/serve,123,179871788,179871788,179403604,1252,76539,75497
22:04:18Z,204307,/root/demo/s37/serve_LONG/serve,124,179871788,179871788,179403604,1252,77115,76072
22:05:18Z,204307,/root/demo/s37/serve_LONG/serve,124,179871788,179871788,179403604,1252,76539,75497
22:06:18Z,204307,/root/demo/s37/serve_LONG/serve,124,179871788,179871788,179403604,1252,76539,75497
22:07:18Z,204307,/root/demo/s37/serve_LONG/serve,124,179871788,179871788,179403604,1252,76539,75497
22:08:18Z,204307,/root/demo/s37/serve_LONG/serve,125,179871788,179871788,179403604,1252,76539,75497
22:09:18Z,204307,/root/demo/s37/serve_LONG/serve,125,179871788,179871788,179403604,1252,76539,75497
22:10:18Z,204307,/root/demo/s37/serve_LONG/serve,125,179871788,179871788,179403604,1252,76539,75497
22:11:18Z,204307,/root/demo/s37/serve_LONG/serve,126,179871788,179871788,179403604,1252,76539,75497
22:12:18Z,204307,/root/demo/s37/serve_LONG/serve,126,179871788,179871788,179403604,1252,76539,75497
22:13:18Z,204307,/root/demo/s37/serve_LONG/serve,126,179871788,179871788,179403604,1252,76539,75497
22:14:18Z,204307,/root/demo/s37/serve_LONG/serve,127,179871788,179871788,179403604,1252,76539,75497
22:15:19Z,204307,/root/demo/s37/serve_LONG/serve,127,179871788,179871788,179403604,1252,76539,75497
22:16:19Z,204307,/root/demo/s37/serve_LONG/serve,127,179871788,179871788,179403604,1252,76539,75497
22:17:19Z,204307,/root/demo/s37/serve_LONG/serve,128,179871788,179871788,179403604,1252,77115,76072
22:18:19Z,204307,/root/demo/s37/serve_LONG/serve,128,179871788,179871788,179403604,1252,76539,75497
22:19:19Z,204307,/root/demo/s37/serve_LONG/serve,128,179871788,179871788,179403604,1252,76539,75497
22:20:19Z,204307,/root/demo/s37/serve_LONG/serve,128,179871788,179871788,179403604,1252,76539,75497
22:21:19Z,204307,/root/demo/s37/serve_LONG/serve,129,179871788,179871788,179403604,1252,76539,75497
22:22:19Z,204307,/root/demo/s37/serve_LONG/serve,129,179871788,179871788,179403604,1252,76539,75497
22:23:19Z,204307,/root/demo/s37/serve_LONG/serve,129,179871788,179871788,179403604,1252,76539,75497
22:24:19Z,204307,/root/demo/s37/serve_LONG/serve,130,179871788,179871788,179403604,1252,76539,75497
22:25:19Z,204307,/root/demo/s37/serve_LONG/serve,130,179871788,179871788,179403604,1252,76539,75497
22:26:19Z,204307,/root/demo/s37/serve_LONG/serve,130,179871788,179871788,179403604,1252,76539,75497
22:27:19Z,204307,/root/demo/s37/serve_LONG/serve,131,179871788,179871788,179403604,1252,76539,75497
22:28:19Z,204307,/root/demo/s37/serve_LONG/serve,131,179871788,179871788,179403604,1252,76539,75497
22:29:19Z,204307,/root/demo/s37/serve_LONG/serve,131,179871788,179871788,179403604,1252,76539,75497
22:30:19Z,204307,/root/demo/s37/serve_LONG/serve,132,179871788,179871788,179403604,1252,77115,76072
22:31:19Z,204307,/root/demo/s37/serve_LONG/serve,132,179871788,179871788,179403604,1252,76539,75497
22:32:20Z,204307,/root/demo/s37/serve_LONG/serve,132,179871788,179871788,179403604,1252,76539,75497
22:33:20Z,204307,/root/demo/s37/serve_LONG/serve,132,179871788,179871788,179403604,1252,76539,75497
22:34:20Z,204307,/root/demo/s37/serve_LONG/serve,133,179871788,179871788,179403604,1252,76539,75497
22:35:20Z,204307,/root/demo/s37/serve_LONG/serve,133,179871788,179871788,179403604,1252,76539,75497
22:36:20Z,204307,/root/demo/s37/serve_LONG/serve,133,179871788,179871788,179403604,1252,76539,75497
22:37:20Z,204307,/root/demo/s37/serve_LONG/serve,134,179871788,179871788,179403604,1252,76539,75497
22:38:20Z,204307,/root/demo/s37/serve_LONG/serve,134,179871788,179871788,179403604,1252,76539,75497
22:39:20Z,204307,/root/demo/s37/serve_LONG/serve,134,179871788,179871788,179403604,1252,76539,75497
22:40:20Z,204307,/root/demo/s37/serve_LONG/serve,135,179871788,179871788,179403604,1252,76539,75497
22:41:20Z,204307,/root/demo/s37/serve_LONG/serve,135,179871788,179871788,179403604,1252,76539,75497
22:42:20Z,204307,/root/demo/s37/serve_LONG/serve,135,179871788,179871788,179403604,1252,76539,75497
22:43:20Z,204307,/root/demo/s37/serve_LONG/serve,136,179871788,179871788,179403604,1252,77115,76072
22:44:20Z,204307,/root/demo/s37/serve_LONG/serve,136,179871788,179871788,179403604,1252,76539,75497
22:45:20Z,204307,/root/demo/s37/serve_LONG/serve,136,179871788,179871788,179403604,1252,76539,75497
22:46:20Z,204307,/root/demo/s37/serve_LONG/serve,136,179871788,179871788,179403604,1252,76539,75497
22:47:20Z,204307,/root/demo/s37/serve_LONG/serve,137,179871788,179871788,179403604,1252,76539,75497
22:48:20Z,204307,/root/demo/s37/serve_LONG/serve,137,179871788,179871788,179403604,1252,76539,75497
22:49:21Z,204307,/root/demo/s37/serve_LONG/serve,137,179871788,179871788,179403604,1252,76539,75497
22:50:21Z,204307,/root/demo/s37/serve_LONG/serve,138,179871788,179871788,179403604,1252,76539,75497
22:51:21Z,204307,/root/demo/s37/serve_LONG/serve,138,179871788,179871788,179403604,1252,76539,75497
22:52:21Z,204307,/root/demo/s37/serve_LONG/serve,138,179871788,179871788,179403604,1252,76539,75497
22:53:21Z,204307,/root/demo/s37/serve_LONG/serve,139,179871788,179871788,179403604,1252,76539,75497
22:54:21Z,204307,/root/demo/s37/serve_LONG/serve,139,179871788,179871788,179403604,1252,76539,75497
22:55:21Z,204307,/root/demo/s37/serve_LONG/serve,139,179871788,179871788,179403604,1252,76539,75497
22:56:21Z,204307,/root/demo/s37/serve_LONG/serve,140,179871788,179871788,179403604,1252,77115,76072
22:57:21Z,204307,/root/demo/s37/serve_LONG/serve,140,179871788,179871788,179403604,1252,76539,75497
22:58:21Z,204307,/root/demo/s37/serve_LONG/serve,140,179871788,179871788,179403604,1252,76539,75497
22:59:21Z,204307,/root/demo/s37/serve_LONG/serve,140,179871788,179871788,179403604,1252,76539,75497
23:00:21Z,204307,/root/demo/s37/serve_LONG/serve,141,179871788,179871788,179403604,1252,76539,75497
23:01:21Z,204307,/root/demo/s37/serve_LONG/serve,141,179871788,179871788,179403604,1252,76539,75497
23:02:21Z,204307,/root/demo/s37/serve_LONG/serve,141,179871788,179871788,179403604,1252,76539,75497
23:03:21Z,204307,/root/demo/s37/serve_LONG/serve,142,179871788,179871788,179403604,1252,76539,75497
23:04:21Z,204307,/root/demo/s37/serve_LONG/serve,142,179871788,179871788,179403604,1252,76539,75497
23:05:21Z,204307,/root/demo/s37/serve_LONG/serve,142,179871788,179871788,179403604,1252,76539,75497
23:06:22Z,204307,/root/demo/s37/serve_LONG/serve,143,179871788,179871788,179403604,1252,76539,75497
23:07:22Z,204307,/root/demo/s37/serve_LONG/serve,143,179871788,179871788,179403604,1252,76539,75497
23:08:22Z,204307,/root/demo/s37/serve_LONG/serve,143,179871788,179871788,179403604,1252,76539,75497
23:09:22Z,204307,/root/demo/s37/serve_LONG/serve,144,179871788,179871788,179403604,1252,77115,76072
23:10:22Z,204307,/root/demo/s37/serve_LONG/serve,144,179871788,179871788,179403604,1252,76539,75497
23:11:22Z,204307,/root/demo/s37/serve_LONG/serve,144,179871788,179871788,179403604,1252,76539,75497
23:12:22Z,204307,/root/demo/s37/serve_LONG/serve,144,179871788,179871788,179403604,1252,76539,75497
23:13:22Z,204307,/root/demo/s37/serve_LONG/serve,145,179871788,179871788,179403604,1252,76539,75497
23:14:22Z,204307,/root/demo/s37/serve_LONG/serve,145,179871788,179871788,179403604,1252,76539,75497
23:15:22Z,204307,/root/demo/s37/serve_LONG/serve,145,179871788,179871788,179403604,1252,76539,75497
23:16:22Z,204307,/root/demo/s37/serve_LONG/serve,146,179871788,179871788,179403604,1252,76539,75497
23:17:22Z,204307,/root/demo/s37/serve_LONG/serve,146,179871788,179871788,179403604,1252,76539,75497
23:18:22Z,204307,/root/demo/s37/serve_LONG/serve,146,179871788,179871788,179403604,1252,76539,75497
23:19:22Z,204307,/root/demo/s37/serve_LONG/serve,147,179871788,179871788,179403604,1252,76539,75497
23:20:22Z,204307,/root/demo/s37/serve_LONG/serve,147,179871788,179871788,179403604,1252,76539,75497
23:21:22Z,204307,/root/demo/s37/serve_LONG/serve,147,179871788,179871788,179403604,1252,76539,75497
23:22:22Z,275328,,,4414464,4414464,4258164,215,617,599
23:23:23Z,275535,/root/demo/serve,0,87486548,87486548,87273880,1215,39377,39359
23:24:23Z,275535,/root/demo/serve,0,92269168,92278512,91812788,1270,51947,51929
